{
  "mean": [
    -296.9729501500802,
    -292.43308881102274,
    -223.3392608331703,
    24.78040335902941,
    34.51630936656622,
    -80.88206636723517
  ],
  "std": [
    1185.304185128473,
    937.2837494998561,
    792.4853542454041,
    162.73398419283484,
    240.37512914885681,
    314.37543179597606
  ]
}